{
  "GroupName": "SynthEBD - Fried's Female Skin Textures 4K CBBE",
  "ShortName": "FRIEDC",
  "ConfigType": "Primary",
  "Gender": "Female",
  "DisplayAlerts": true,
  "UserAlert": "",
  "Subgroups": [
    {
      "ID": "HD",
      "Name": "Head Diffuse",
      "Enabled": true,
      "DistributionEnabled": true,
      "Notes": "",
      "AllowedRaces": [],
      "AllowedRaceGroupings": [],
      "DisallowedRaces": [],
      "DisallowedRaceGroupings": [],
      "AllowedAttributes": [],
      "DisallowedAttributes": [],
      "AllowUnique": true,
      "AllowNonUnique": true,
      "RequiredSubgroups": [],
      "ExcludedSubgroups": [],
      "AddKeywords": [],
      "ProbabilityWeighting": 1.0,
      "Paths": [],
      "AllowedBodyGenDescriptors": [],
      "AllowedBodyGenMatchMode": "All",
      "DisallowedBodyGenDescriptors": [],
      "DisallowedBodyGenMatchMode": "Any",
      "AllowedBodySlideDescriptors": [],
      "AllowedBodySlideMatchMode": "All",
      "DisallowedBodySlideDescriptors": [],
      "DisallowedBodySlideMatchMode": "Any",
      "PrioritizedBodySlideDescriptors": [],
      "WeightRange": {
        "Lower": 0,
        "Upper": 100
      },
      "Subgroups": [
        {
          "ID": "HD.M",
          "Name": "Main",
          "Enabled": true,
          "DistributionEnabled": true,
          "Notes": "",
          "AllowedRaces": [],
          "AllowedRaceGroupings": [
            "Humanoid Playable Non-Vampire"
          ],
          "DisallowedRaces": [],
          "DisallowedRaceGroupings": [],
          "AllowedAttributes": [],
          "DisallowedAttributes": [],
          "AllowUnique": true,
          "AllowNonUnique": true,
          "RequiredSubgroups": [],
          "ExcludedSubgroups": [],
          "AddKeywords": [],
          "ProbabilityWeighting": 1.0,
          "Paths": [
            {
              "Source": "Textures\\FRIED_C\\Data\\Textures\\actors\\character\\female\\femalehead.dds",
              "Destination": "HeadTexture.Diffuse.GivenPath"
            }
          ],
          "AllowedBodyGenDescriptors": [],
          "AllowedBodyGenMatchMode": "All",
          "DisallowedBodyGenDescriptors": [],
          "DisallowedBodyGenMatchMode": "Any",
          "AllowedBodySlideDescriptors": [],
          "AllowedBodySlideMatchMode": "All",
          "DisallowedBodySlideDescriptors": [],
          "DisallowedBodySlideMatchMode": "Any",
          "PrioritizedBodySlideDescriptors": [],
          "WeightRange": {
            "Lower": 0,
            "Upper": 100
          },
          "Subgroups": [],
          "TopLevelSubgroupID": ""
        },
        {
          "ID": "HD.V",
          "Name": "Vampire",
          "Enabled": true,
          "DistributionEnabled": true,
          "Notes": "",
          "AllowedRaces": [],
          "AllowedRaceGroupings": [
            "Humanoid Young Vampire"
          ],
          "DisallowedRaces": [],
          "DisallowedRaceGroupings": [],
          "AllowedAttributes": [],
          "DisallowedAttributes": [],
          "AllowUnique": true,
          "AllowNonUnique": true,
          "RequiredSubgroups": [],
          "ExcludedSubgroups": [],
          "AddKeywords": [],
          "ProbabilityWeighting": 1.0,
          "Paths": [
            {
              "Source": "Textures\\FRIED_C\\Data\\Textures\\actors\\character\\female\\femaleheadvampire.dds",
              "Destination": "HeadTexture.Diffuse.GivenPath"
            }
          ],
          "AllowedBodyGenDescriptors": [],
          "AllowedBodyGenMatchMode": "All",
          "DisallowedBodyGenDescriptors": [],
          "DisallowedBodyGenMatchMode": "Any",
          "AllowedBodySlideDescriptors": [],
          "AllowedBodySlideMatchMode": "All",
          "DisallowedBodySlideDescriptors": [],
          "DisallowedBodySlideMatchMode": "Any",
          "PrioritizedBodySlideDescriptors": [],
          "WeightRange": {
            "Lower": 0,
            "Upper": 100
          },
          "Subgroups": [],
          "TopLevelSubgroupID": ""
        }
      ],
      "TopLevelSubgroupID": ""
    },
    {
      "ID": "HN",
      "Name": "Head Normals",
      "Enabled": true,
      "DistributionEnabled": true,
      "Notes": "",
      "AllowedRaces": [],
      "AllowedRaceGroupings": [],
      "DisallowedRaces": [],
      "DisallowedRaceGroupings": [],
      "AllowedAttributes": [],
      "DisallowedAttributes": [],
      "AllowUnique": true,
      "AllowNonUnique": true,
      "RequiredSubgroups": [],
      "ExcludedSubgroups": [],
      "AddKeywords": [],
      "ProbabilityWeighting": 1.0,
      "Paths": [],
      "AllowedBodyGenDescriptors": [],
      "AllowedBodyGenMatchMode": "All",
      "DisallowedBodyGenDescriptors": [],
      "DisallowedBodyGenMatchMode": "Any",
      "AllowedBodySlideDescriptors": [],
      "AllowedBodySlideMatchMode": "All",
      "DisallowedBodySlideDescriptors": [],
      "DisallowedBodySlideMatchMode": "Any",
      "PrioritizedBodySlideDescriptors": [],
      "WeightRange": {
        "Lower": 0,
        "Upper": 100
      },
      "Subgroups": [
        {
          "ID": "HN.B",
          "Name": "Breton",
          "Enabled": true,
          "DistributionEnabled": true,
          "Notes": "",
          "AllowedRaces": [
            "013741:Skyrim.esm",
            "097A3D:Skyrim.esm"
          ],
          "AllowedRaceGroupings": [],
          "DisallowedRaces": [],
          "DisallowedRaceGroupings": [],
          "AllowedAttributes": [],
          "DisallowedAttributes": [],
          "AllowUnique": true,
          "AllowNonUnique": true,
          "RequiredSubgroups": [],
          "ExcludedSubgroups": [],
          "AddKeywords": [],
          "ProbabilityWeighting": 1.0,
          "Paths": [
            {
              "Source": "Textures\\FRIED_C\\Data\\Textures\\actors\\character\\bretonfemale\\femalehead_msn.dds",
              "Destination": "HeadTexture.NormalOrGloss.GivenPath"
            }
          ],
          "AllowedBodyGenDescriptors": [],
          "AllowedBodyGenMatchMode": "All",
          "DisallowedBodyGenDescriptors": [],
          "DisallowedBodyGenMatchMode": "Any",
          "AllowedBodySlideDescriptors": [],
          "AllowedBodySlideMatchMode": "All",
          "DisallowedBodySlideDescriptors": [],
          "DisallowedBodySlideMatchMode": "Any",
          "PrioritizedBodySlideDescriptors": [],
          "WeightRange": {
            "Lower": 0,
            "Upper": 100
          },
          "Subgroups": [],
          "TopLevelSubgroupID": ""
        },
        {
          "ID": "HN.DE",
          "Name": "Dark Elf",
          "Enabled": true,
          "DistributionEnabled": true,
          "Notes": "",
          "AllowedRaces": [
            "013742:Skyrim.esm"
          ],
          "AllowedRaceGroupings": [],
          "DisallowedRaces": [],
          "DisallowedRaceGroupings": [],
          "AllowedAttributes": [],
          "DisallowedAttributes": [],
          "AllowUnique": true,
          "AllowNonUnique": true,
          "RequiredSubgroups": [],
          "ExcludedSubgroups": [],
          "AddKeywords": [],
          "ProbabilityWeighting": 1.0,
          "Paths": [
            {
              "Source": "Textures\\FRIED_C\\Data\\Textures\\actors\\character\\darkelffemale\\femalehead_msn.dds",
              "Destination": "HeadTexture.NormalOrGloss.GivenPath"
            }
          ],
          "AllowedBodyGenDescriptors": [],
          "AllowedBodyGenMatchMode": "All",
          "DisallowedBodyGenDescriptors": [],
          "DisallowedBodyGenMatchMode": "Any",
          "AllowedBodySlideDescriptors": [],
          "AllowedBodySlideMatchMode": "All",
          "DisallowedBodySlideDescriptors": [],
          "DisallowedBodySlideMatchMode": "Any",
          "PrioritizedBodySlideDescriptors": [],
          "WeightRange": {
            "Lower": 0,
            "Upper": 100
          },
          "Subgroups": [],
          "TopLevelSubgroupID": ""
        },
        {
          "ID": "HN.HE",
          "Name": "High Elf",
          "Enabled": true,
          "DistributionEnabled": true,
          "Notes": "",
          "AllowedRaces": [
            "013743:Skyrim.esm",
            "00377D:Dawnguard.esm",
            "013749:Skyrim.esm"
          ],
          "AllowedRaceGroupings": [],
          "DisallowedRaces": [],
          "DisallowedRaceGroupings": [],
          "AllowedAttributes": [],
          "DisallowedAttributes": [],
          "AllowUnique": true,
          "AllowNonUnique": true,
          "RequiredSubgroups": [],
          "ExcludedSubgroups": [],
          "AddKeywords": [],
          "ProbabilityWeighting": 1.0,
          "Paths": [
            {
              "Source": "Textures\\FRIED_C\\Data\\Textures\\actors\\character\\highelffemale\\femalehead_msn.dds",
              "Destination": "HeadTexture.NormalOrGloss.GivenPath"
            }
          ],
          "AllowedBodyGenDescriptors": [],
          "AllowedBodyGenMatchMode": "All",
          "DisallowedBodyGenDescriptors": [],
          "DisallowedBodyGenMatchMode": "Any",
          "AllowedBodySlideDescriptors": [],
          "AllowedBodySlideMatchMode": "All",
          "DisallowedBodySlideDescriptors": [],
          "DisallowedBodySlideMatchMode": "Any",
          "PrioritizedBodySlideDescriptors": [],
          "WeightRange": {
            "Lower": 0,
            "Upper": 100
          },
          "Subgroups": [],
          "TopLevelSubgroupID": ""
        },
        {
          "ID": "HN.I",
          "Name": "Imperial",
          "Enabled": true,
          "DistributionEnabled": true,
          "Notes": "",
          "AllowedRaces": [
            "013744:Skyrim.esm"
          ],
          "AllowedRaceGroupings": [],
          "DisallowedRaces": [],
          "DisallowedRaceGroupings": [],
          "AllowedAttributes": [],
          "DisallowedAttributes": [],
          "AllowUnique": true,
          "AllowNonUnique": true,
          "RequiredSubgroups": [],
          "ExcludedSubgroups": [],
          "AddKeywords": [],
          "ProbabilityWeighting": 1.0,
          "Paths": [
            {
              "Source": "Textures\\FRIED_C\\Data\\Textures\\actors\\character\\imperialfemale\\femalehead_msn.dds",
              "Destination": "HeadTexture.NormalOrGloss.GivenPath"
            }
          ],
          "AllowedBodyGenDescriptors": [],
          "AllowedBodyGenMatchMode": "All",
          "DisallowedBodyGenDescriptors": [],
          "DisallowedBodyGenMatchMode": "Any",
          "AllowedBodySlideDescriptors": [],
          "AllowedBodySlideMatchMode": "All",
          "DisallowedBodySlideDescriptors": [],
          "DisallowedBodySlideMatchMode": "Any",
          "PrioritizedBodySlideDescriptors": [],
          "WeightRange": {
            "Lower": 0,
            "Upper": 100
          },
          "Subgroups": [],
          "TopLevelSubgroupID": ""
        },
        {
          "ID": "HN.No",
          "Name": "Nord",
          "Enabled": true,
          "DistributionEnabled": true,
          "Notes": "",
          "AllowedRaces": [
            "013746:Skyrim.esm"
          ],
          "AllowedRaceGroupings": [],
          "DisallowedRaces": [],
          "DisallowedRaceGroupings": [],
          "AllowedAttributes": [],
          "DisallowedAttributes": [],
          "AllowUnique": true,
          "AllowNonUnique": true,
          "RequiredSubgroups": [],
          "ExcludedSubgroups": [],
          "AddKeywords": [],
          "ProbabilityWeighting": 1.0,
          "Paths": [
            {
              "Source": "Textures\\FRIED_C\\Data\\Textures\\actors\\character\\female\\femalehead_msn.dds",
              "Destination": "HeadTexture.NormalOrGloss.GivenPath"
            }
          ],
          "AllowedBodyGenDescriptors": [],
          "AllowedBodyGenMatchMode": "All",
          "DisallowedBodyGenDescriptors": [],
          "DisallowedBodyGenMatchMode": "Any",
          "AllowedBodySlideDescriptors": [],
          "AllowedBodySlideMatchMode": "All",
          "DisallowedBodySlideDescriptors": [],
          "DisallowedBodySlideMatchMode": "Any",
          "PrioritizedBodySlideDescriptors": [],
          "WeightRange": {
            "Lower": 0,
            "Upper": 100
          },
          "Subgroups": [],
          "TopLevelSubgroupID": ""
        },
        {
          "ID": "HN.Orc",
          "Name": "Orc",
          "Enabled": true,
          "DistributionEnabled": true,
          "Notes": "",
          "AllowedRaces": [
            "013747:Skyrim.esm"
          ],
          "AllowedRaceGroupings": [],
          "DisallowedRaces": [],
          "DisallowedRaceGroupings": [],
          "AllowedAttributes": [],
          "DisallowedAttributes": [],
          "AllowUnique": true,
          "AllowNonUnique": true,
          "RequiredSubgroups": [],
          "ExcludedSubgroups": [],
          "AddKeywords": [],
          "ProbabilityWeighting": 1.0,
          "Paths": [
            {
              "Source": "Textures\\FRIED_C\\Data\\Textures\\actors\\character\\femaleorc\\femaleheadorc_msn.dds",
              "Destination": "HeadTexture.NormalOrGloss.GivenPath"
            }
          ],
          "AllowedBodyGenDescriptors": [],
          "AllowedBodyGenMatchMode": "All",
          "DisallowedBodyGenDescriptors": [],
          "DisallowedBodyGenMatchMode": "Any",
          "AllowedBodySlideDescriptors": [],
          "AllowedBodySlideMatchMode": "All",
          "DisallowedBodySlideDescriptors": [],
          "DisallowedBodySlideMatchMode": "Any",
          "PrioritizedBodySlideDescriptors": [],
          "WeightRange": {
            "Lower": 0,
            "Upper": 100
          },
          "Subgroups": [],
          "TopLevelSubgroupID": ""
        },
        {
          "ID": "HN.R",
          "Name": "Redguard",
          "Enabled": true,
          "DistributionEnabled": true,
          "Notes": "",
          "AllowedRaces": [
            "013748:Skyrim.esm"
          ],
          "AllowedRaceGroupings": [],
          "DisallowedRaces": [],
          "DisallowedRaceGroupings": [],
          "AllowedAttributes": [],
          "DisallowedAttributes": [],
          "AllowUnique": true,
          "AllowNonUnique": true,
          "RequiredSubgroups": [],
          "ExcludedSubgroups": [],
          "AddKeywords": [],
          "ProbabilityWeighting": 1.0,
          "Paths": [
            {
              "Source": "Textures\\FRIED_C\\Data\\Textures\\actors\\character\\redguardfemale\\femalehead_msn.dds",
              "Destination": "HeadTexture.NormalOrGloss.GivenPath"
            }
          ],
          "AllowedBodyGenDescriptors": [],
          "AllowedBodyGenMatchMode": "All",
          "DisallowedBodyGenDescriptors": [],
          "DisallowedBodyGenMatchMode": "Any",
          "AllowedBodySlideDescriptors": [],
          "AllowedBodySlideMatchMode": "All",
          "DisallowedBodySlideDescriptors": [],
          "DisallowedBodySlideMatchMode": "Any",
          "PrioritizedBodySlideDescriptors": [],
          "WeightRange": {
            "Lower": 0,
            "Upper": 100
          },
          "Subgroups": [],
          "TopLevelSubgroupID": ""
        },
        {
          "ID": "HN.V",
          "Name": "Vampire",
          "Enabled": true,
          "DistributionEnabled": true,
          "Notes": "",
          "AllowedRaces": [],
          "AllowedRaceGroupings": [
            "Humanoid Young Vampire"
          ],
          "DisallowedRaces": [],
          "DisallowedRaceGroupings": [],
          "AllowedAttributes": [],
          "DisallowedAttributes": [],
          "AllowUnique": true,
          "AllowNonUnique": true,
          "RequiredSubgroups": [],
          "ExcludedSubgroups": [],
          "AddKeywords": [],
          "ProbabilityWeighting": 1.0,
          "Paths": [
            {
              "Source": "Textures\\FRIED_C\\Data\\Textures\\actors\\character\\female\\femaleheadvampire_msn.dds",
              "Destination": "HeadTexture.NormalOrGloss.GivenPath"
            }
          ],
          "AllowedBodyGenDescriptors": [],
          "AllowedBodyGenMatchMode": "All",
          "DisallowedBodyGenDescriptors": [],
          "DisallowedBodyGenMatchMode": "Any",
          "AllowedBodySlideDescriptors": [],
          "AllowedBodySlideMatchMode": "All",
          "DisallowedBodySlideDescriptors": [],
          "DisallowedBodySlideMatchMode": "Any",
          "PrioritizedBodySlideDescriptors": [],
          "WeightRange": {
            "Lower": 0,
            "Upper": 100
          },
          "Subgroups": [],
          "TopLevelSubgroupID": ""
        }
      ],
      "TopLevelSubgroupID": ""
    },
    {
      "ID": "HSp",
      "Name": "Head Specular",
      "Enabled": true,
      "DistributionEnabled": true,
      "Notes": "",
      "AllowedRaces": [],
      "AllowedRaceGroupings": [],
      "DisallowedRaces": [],
      "DisallowedRaceGroupings": [],
      "AllowedAttributes": [],
      "DisallowedAttributes": [],
      "AllowUnique": true,
      "AllowNonUnique": true,
      "RequiredSubgroups": [],
      "ExcludedSubgroups": [],
      "AddKeywords": [],
      "ProbabilityWeighting": 1.0,
      "Paths": [
        {
          "Source": "Textures\\FRIED_C\\Data\\Textures\\actors\\character\\female\\femalehead_s.dds",
          "Destination": "HeadTexture.BacklightMaskOrSpecular.GivenPath"
        }
      ],
      "AllowedBodyGenDescriptors": [],
      "AllowedBodyGenMatchMode": "All",
      "DisallowedBodyGenDescriptors": [],
      "DisallowedBodyGenMatchMode": "Any",
      "AllowedBodySlideDescriptors": [],
      "AllowedBodySlideMatchMode": "All",
      "DisallowedBodySlideDescriptors": [],
      "DisallowedBodySlideMatchMode": "Any",
      "PrioritizedBodySlideDescriptors": [],
      "WeightRange": {
        "Lower": 0,
        "Upper": 100
      },
      "Subgroups": [],
      "TopLevelSubgroupID": ""
    },
    {
      "ID": "HC",
      "Name": "Head Complexion",
      "Enabled": true,
      "DistributionEnabled": true,
      "Notes": "",
      "AllowedRaces": [],
      "AllowedRaceGroupings": [],
      "DisallowedRaces": [],
      "DisallowedRaceGroupings": [],
      "AllowedAttributes": [],
      "DisallowedAttributes": [],
      "AllowUnique": true,
      "AllowNonUnique": true,
      "RequiredSubgroups": [],
      "ExcludedSubgroups": [],
      "AddKeywords": [],
      "ProbabilityWeighting": 1.0,
      "Paths": [],
      "AllowedBodyGenDescriptors": [],
      "AllowedBodyGenMatchMode": "All",
      "DisallowedBodyGenDescriptors": [],
      "DisallowedBodyGenMatchMode": "Any",
      "AllowedBodySlideDescriptors": [],
      "AllowedBodySlideMatchMode": "All",
      "DisallowedBodySlideDescriptors": [],
      "DisallowedBodySlideMatchMode": "Any",
      "PrioritizedBodySlideDescriptors": [],
      "WeightRange": {
        "Lower": 0,
        "Upper": 100
      },
      "Subgroups": [
        {
          "ID": "HC.A40",
          "Name": "Age 40",
          "Enabled": true,
          "DistributionEnabled": true,
          "Notes": "",
          "AllowedRaces": [],
          "AllowedRaceGroupings": [],
          "DisallowedRaces": [],
          "DisallowedRaceGroupings": [],
          "AllowedAttributes": [
            {
              "SubAttributes": [
                {
                  "SelectedLabels": [
                    "Must Get Age40 Face"
                  ],
                  "Type": "Group",
                  "ForceMode": "ForceIfAndRestrict",
                  "Weighting": 1,
                  "Not": false
                }
              ]
            }
          ],
          "DisallowedAttributes": [],
          "AllowUnique": true,
          "AllowNonUnique": true,
          "RequiredSubgroups": [],
          "ExcludedSubgroups": [],
          "AddKeywords": [],
          "ProbabilityWeighting": 1.0,
          "Paths": [
            {
              "Source": "Textures\\FRIED_C\\Data\\Textures\\actors\\character\\female\\femaleheaddetail_age40.dds",
              "Destination": "HeadTexture.Height.GivenPath"
            }
          ],
          "AllowedBodyGenDescriptors": [],
          "AllowedBodyGenMatchMode": "All",
          "DisallowedBodyGenDescriptors": [],
          "DisallowedBodyGenMatchMode": "Any",
          "AllowedBodySlideDescriptors": [],
          "AllowedBodySlideMatchMode": "All",
          "DisallowedBodySlideDescriptors": [],
          "DisallowedBodySlideMatchMode": "Any",
          "PrioritizedBodySlideDescriptors": [],
          "WeightRange": {
            "Lower": 0,
            "Upper": 100
          },
          "Subgroups": [],
          "TopLevelSubgroupID": ""
        },
        {
          "ID": "HC.A50",
          "Name": "Age 50",
          "Enabled": true,
          "DistributionEnabled": true,
          "Notes": "",
          "AllowedRaces": [],
          "AllowedRaceGroupings": [],
          "DisallowedRaces": [],
          "DisallowedRaceGroupings": [],
          "AllowedAttributes": [
            {
              "SubAttributes": [
                {
                  "SelectedLabels": [
                    "Must Get Age50 Face"
                  ],
                  "Type": "Group",
                  "ForceMode": "ForceIfAndRestrict",
                  "Weighting": 1,
                  "Not": false
                }
              ]
            }
          ],
          "DisallowedAttributes": [],
          "AllowUnique": true,
          "AllowNonUnique": true,
          "RequiredSubgroups": [],
          "ExcludedSubgroups": [],
          "AddKeywords": [],
          "ProbabilityWeighting": 1.0,
          "Paths": [
            {
              "Source": "Textures\\FRIED_C\\Data\\Textures\\actors\\character\\female\\femaleheaddetail_age50.dds",
              "Destination": "HeadTexture.Height.GivenPath"
            }
          ],
          "AllowedBodyGenDescriptors": [],
          "AllowedBodyGenMatchMode": "All",
          "DisallowedBodyGenDescriptors": [],
          "DisallowedBodyGenMatchMode": "Any",
          "AllowedBodySlideDescriptors": [],
          "AllowedBodySlideMatchMode": "All",
          "DisallowedBodySlideDescriptors": [],
          "DisallowedBodySlideMatchMode": "Any",
          "PrioritizedBodySlideDescriptors": [],
          "WeightRange": {
            "Lower": 0,
            "Upper": 100
          },
          "Subgroups": [],
          "TopLevelSubgroupID": ""
        },
        {
          "ID": "HC.F",
          "Name": "Freckles",
          "Enabled": true,
          "DistributionEnabled": true,
          "Notes": "",
          "AllowedRaces": [],
          "AllowedRaceGroupings": [],
          "DisallowedRaces": [],
          "DisallowedRaceGroupings": [],
          "AllowedAttributes": [
            {
              "SubAttributes": [
                {
                  "SelectedLabels": [
                    "Must Get Face Freckles"
                  ],
                  "Type": "Group",
                  "ForceMode": "ForceIfAndRestrict",
                  "Weighting": 1,
                  "Not": false
                }
              ]
            }
          ],
          "DisallowedAttributes": [],
          "AllowUnique": true,
          "AllowNonUnique": true,
          "RequiredSubgroups": [],
          "ExcludedSubgroups": [],
          "AddKeywords": [],
          "ProbabilityWeighting": 1.0,
          "Paths": [
            {
              "Source": "Textures\\FRIED_C\\Data\\Textures\\actors\\character\\female\\femaleheaddetail_frekles.dds",
              "Destination": "HeadTexture.Height.GivenPath"
            }
          ],
          "AllowedBodyGenDescriptors": [],
          "AllowedBodyGenMatchMode": "All",
          "DisallowedBodyGenDescriptors": [],
          "DisallowedBodyGenMatchMode": "Any",
          "AllowedBodySlideDescriptors": [],
          "AllowedBodySlideMatchMode": "All",
          "DisallowedBodySlideDescriptors": [],
          "DisallowedBodySlideMatchMode": "Any",
          "PrioritizedBodySlideDescriptors": [],
          "WeightRange": {
            "Lower": 0,
            "Upper": 100
          },
          "Subgroups": [],
          "TopLevelSubgroupID": ""
        },
        {
          "ID": "HC.R",
          "Name": "Rough",
          "Enabled": true,
          "DistributionEnabled": true,
          "Notes": "",
          "AllowedRaces": [],
          "AllowedRaceGroupings": [],
          "DisallowedRaces": [],
          "DisallowedRaceGroupings": [],
          "AllowedAttributes": [
            {
              "SubAttributes": [
                {
                  "SelectedLabels": [
                    "Must Get Rough01 Face"
                  ],
                  "Type": "Group",
                  "ForceMode": "ForceIfAndRestrict",
                  "Weighting": 1,
                  "Not": false
                }
              ]
            }
          ],
          "DisallowedAttributes": [],
          "AllowUnique": true,
          "AllowNonUnique": true,
          "RequiredSubgroups": [],
          "ExcludedSubgroups": [],
          "AddKeywords": [],
          "ProbabilityWeighting": 1.0,
          "Paths": [
            {
              "Source": "Textures\\FRIED_C\\Data\\Textures\\actors\\character\\female\\femaleheaddetail_rough.dds",
              "Destination": "HeadTexture.Height.GivenPath"
            }
          ],
          "AllowedBodyGenDescriptors": [],
          "AllowedBodyGenMatchMode": "All",
          "DisallowedBodyGenDescriptors": [],
          "DisallowedBodyGenMatchMode": "Any",
          "AllowedBodySlideDescriptors": [],
          "AllowedBodySlideMatchMode": "All",
          "DisallowedBodySlideDescriptors": [],
          "DisallowedBodySlideMatchMode": "Any",
          "PrioritizedBodySlideDescriptors": [],
          "WeightRange": {
            "Lower": 0,
            "Upper": 100
          },
          "Subgroups": [],
          "TopLevelSubgroupID": ""
        }
      ],
      "TopLevelSubgroupID": ""
    },
    {
      "ID": "BD",
      "Name": "Body Diffuse",
      "Enabled": true,
      "DistributionEnabled": true,
      "Notes": "",
      "AllowedRaces": [],
      "AllowedRaceGroupings": [],
      "DisallowedRaces": [],
      "DisallowedRaceGroupings": [],
      "AllowedAttributes": [],
      "DisallowedAttributes": [],
      "AllowUnique": true,
      "AllowNonUnique": true,
      "RequiredSubgroups": [],
      "ExcludedSubgroups": [],
      "AddKeywords": [],
      "ProbabilityWeighting": 1.0,
      "Paths": [
        {
          "Source": "Textures\\FRIED_C\\Data\\Textures\\actors\\character\\female\\femalebody_1.dds",
          "Destination": "WornArmor.Armature[BodyTemplate.FirstPersonFlags.Invoke:HasFlag(BipedObjectFlag.Body) && MatchRace(Race, AdditionalRaces, MatchDefault)].SkinTexture.Female.Diffuse.GivenPath"
        },
        {
          "Source": "Textures\\FRIED_C\\Data\\Textures\\actors\\character\\female\\femalebody_1.dds",
          "Destination": "WornArmor.Armature[BodyTemplate.FirstPersonFlags.Invoke:HasFlag(BipedObjectFlag.Feet) && MatchRace(Race, AdditionalRaces, MatchDefault)].SkinTexture.Female.Diffuse.GivenPath"
        }
      ],
      "AllowedBodyGenDescriptors": [],
      "AllowedBodyGenMatchMode": "All",
      "DisallowedBodyGenDescriptors": [],
      "DisallowedBodyGenMatchMode": "Any",
      "AllowedBodySlideDescriptors": [],
      "AllowedBodySlideMatchMode": "All",
      "DisallowedBodySlideDescriptors": [],
      "DisallowedBodySlideMatchMode": "Any",
      "PrioritizedBodySlideDescriptors": [],
      "WeightRange": {
        "Lower": 0,
        "Upper": 100
      },
      "Subgroups": [],
      "TopLevelSubgroupID": ""
    },
    {
      "ID": "BN",
      "Name": "Body Normals",
      "Enabled": true,
      "DistributionEnabled": true,
      "Notes": "",
      "AllowedRaces": [],
      "AllowedRaceGroupings": [],
      "DisallowedRaces": [],
      "DisallowedRaceGroupings": [],
      "AllowedAttributes": [],
      "DisallowedAttributes": [],
      "AllowUnique": true,
      "AllowNonUnique": true,
      "RequiredSubgroups": [],
      "ExcludedSubgroups": [],
      "AddKeywords": [],
      "ProbabilityWeighting": 1.0,
      "Paths": [
        {
          "Source": "Textures\\FRIED_C\\Data\\Textures\\actors\\character\\female\\femalebody_1_msn.dds",
          "Destination": "WornArmor.Armature[BodyTemplate.FirstPersonFlags.Invoke:HasFlag(BipedObjectFlag.Body) && MatchRace(Race, AdditionalRaces, MatchDefault)].SkinTexture.Female.NormalOrGloss.GivenPath"
        },
        {
          "Source": "Textures\\FRIED_C\\Data\\Textures\\actors\\character\\female\\femalebody_1_msn.dds",
          "Destination": "WornArmor.Armature[BodyTemplate.FirstPersonFlags.Invoke:HasFlag(BipedObjectFlag.Feet) && MatchRace(Race, AdditionalRaces, MatchDefault)].SkinTexture.Female.NormalOrGloss.GivenPath"
        }
      ],
      "AllowedBodyGenDescriptors": [],
      "AllowedBodyGenMatchMode": "All",
      "DisallowedBodyGenDescriptors": [],
      "DisallowedBodyGenMatchMode": "Any",
      "AllowedBodySlideDescriptors": [],
      "AllowedBodySlideMatchMode": "All",
      "DisallowedBodySlideDescriptors": [],
      "DisallowedBodySlideMatchMode": "Any",
      "PrioritizedBodySlideDescriptors": [],
      "WeightRange": {
        "Lower": 0,
        "Upper": 100
      },
      "Subgroups": [],
      "TopLevelSubgroupID": ""
    },
    {
      "ID": "BSp",
      "Name": "Body Specular",
      "Enabled": true,
      "DistributionEnabled": true,
      "Notes": "",
      "AllowedRaces": [],
      "AllowedRaceGroupings": [],
      "DisallowedRaces": [],
      "DisallowedRaceGroupings": [],
      "AllowedAttributes": [],
      "DisallowedAttributes": [],
      "AllowUnique": true,
      "AllowNonUnique": true,
      "RequiredSubgroups": [],
      "ExcludedSubgroups": [],
      "AddKeywords": [],
      "ProbabilityWeighting": 1.0,
      "Paths": [
        {
          "Source": "Textures\\FRIED_C\\Data\\Textures\\actors\\character\\female\\femalebody_1_s.dds",
          "Destination": "WornArmor.Armature[BodyTemplate.FirstPersonFlags.Invoke:HasFlag(BipedObjectFlag.Body) && MatchRace(Race, AdditionalRaces, MatchDefault)].SkinTexture.Female.BacklightMaskOrSpecular.GivenPath"
        },
        {
          "Source": "Textures\\FRIED_C\\Data\\Textures\\actors\\character\\female\\femalebody_1_s.dds",
          "Destination": "WornArmor.Armature[BodyTemplate.FirstPersonFlags.Invoke:HasFlag(BipedObjectFlag.Feet) && MatchRace(Race, AdditionalRaces, MatchDefault)].SkinTexture.Female.BacklightMaskOrSpecular.GivenPath"
        }
      ],
      "AllowedBodyGenDescriptors": [],
      "AllowedBodyGenMatchMode": "All",
      "DisallowedBodyGenDescriptors": [],
      "DisallowedBodyGenMatchMode": "Any",
      "AllowedBodySlideDescriptors": [],
      "AllowedBodySlideMatchMode": "All",
      "DisallowedBodySlideDescriptors": [],
      "DisallowedBodySlideMatchMode": "Any",
      "PrioritizedBodySlideDescriptors": [],
      "WeightRange": {
        "Lower": 0,
        "Upper": 100
      },
      "Subgroups": [],
      "TopLevelSubgroupID": ""
    },
    {
      "ID": "HaD",
      "Name": "Hands Diffuse",
      "Enabled": true,
      "DistributionEnabled": true,
      "Notes": "",
      "AllowedRaces": [],
      "AllowedRaceGroupings": [],
      "DisallowedRaces": [],
      "DisallowedRaceGroupings": [],
      "AllowedAttributes": [],
      "DisallowedAttributes": [],
      "AllowUnique": true,
      "AllowNonUnique": true,
      "RequiredSubgroups": [],
      "ExcludedSubgroups": [],
      "AddKeywords": [],
      "ProbabilityWeighting": 1.0,
      "Paths": [
        {
          "Source": "Textures\\FRIED_C\\Data\\Textures\\actors\\character\\female\\femalehands_1.dds",
          "Destination": "WornArmor.Armature[BodyTemplate.FirstPersonFlags.Invoke:HasFlag(BipedObjectFlag.Hands) && MatchRace(Race, AdditionalRaces, MatchDefault)].SkinTexture.Female.Diffuse.GivenPath"
        }
      ],
      "AllowedBodyGenDescriptors": [],
      "AllowedBodyGenMatchMode": "All",
      "DisallowedBodyGenDescriptors": [],
      "DisallowedBodyGenMatchMode": "Any",
      "AllowedBodySlideDescriptors": [],
      "AllowedBodySlideMatchMode": "All",
      "DisallowedBodySlideDescriptors": [],
      "DisallowedBodySlideMatchMode": "Any",
      "PrioritizedBodySlideDescriptors": [],
      "WeightRange": {
        "Lower": 0,
        "Upper": 100
      },
      "Subgroups": [],
      "TopLevelSubgroupID": ""
    },
    {
      "ID": "HaN",
      "Name": "Hands Normals",
      "Enabled": true,
      "DistributionEnabled": true,
      "Notes": "",
      "AllowedRaces": [],
      "AllowedRaceGroupings": [],
      "DisallowedRaces": [],
      "DisallowedRaceGroupings": [],
      "AllowedAttributes": [],
      "DisallowedAttributes": [],
      "AllowUnique": true,
      "AllowNonUnique": true,
      "RequiredSubgroups": [],
      "ExcludedSubgroups": [],
      "AddKeywords": [],
      "ProbabilityWeighting": 1.0,
      "Paths": [
        {
          "Source": "Textures\\FRIED_C\\Data\\Textures\\actors\\character\\female\\femalehands_1_msn.dds",
          "Destination": "WornArmor.Armature[BodyTemplate.FirstPersonFlags.Invoke:HasFlag(BipedObjectFlag.Hands) && MatchRace(Race, AdditionalRaces, MatchDefault)].SkinTexture.Female.NormalOrGloss.GivenPath"
        }
      ],
      "AllowedBodyGenDescriptors": [],
      "AllowedBodyGenMatchMode": "All",
      "DisallowedBodyGenDescriptors": [],
      "DisallowedBodyGenMatchMode": "Any",
      "AllowedBodySlideDescriptors": [],
      "AllowedBodySlideMatchMode": "All",
      "DisallowedBodySlideDescriptors": [],
      "DisallowedBodySlideMatchMode": "Any",
      "PrioritizedBodySlideDescriptors": [],
      "WeightRange": {
        "Lower": 0,
        "Upper": 100
      },
      "Subgroups": [],
      "TopLevelSubgroupID": ""
    },
    {
      "ID": "HaSp",
      "Name": "Hands Specular",
      "Enabled": true,
      "DistributionEnabled": true,
      "Notes": "",
      "AllowedRaces": [],
      "AllowedRaceGroupings": [],
      "DisallowedRaces": [],
      "DisallowedRaceGroupings": [],
      "AllowedAttributes": [],
      "DisallowedAttributes": [],
      "AllowUnique": true,
      "AllowNonUnique": true,
      "RequiredSubgroups": [],
      "ExcludedSubgroups": [],
      "AddKeywords": [],
      "ProbabilityWeighting": 1.0,
      "Paths": [
        {
          "Source": "Textures\\FRIED_C\\Data\\Textures\\actors\\character\\female\\femalehands_1_s.dds",
          "Destination": "WornArmor.Armature[BodyTemplate.FirstPersonFlags.Invoke:HasFlag(BipedObjectFlag.Hands) && MatchRace(Race, AdditionalRaces, MatchDefault)].SkinTexture.Female.BacklightMaskOrSpecular.GivenPath"
        }
      ],
      "AllowedBodyGenDescriptors": [],
      "AllowedBodyGenMatchMode": "All",
      "DisallowedBodyGenDescriptors": [],
      "DisallowedBodyGenMatchMode": "Any",
      "AllowedBodySlideDescriptors": [],
      "AllowedBodySlideMatchMode": "All",
      "DisallowedBodySlideDescriptors": [],
      "DisallowedBodySlideMatchMode": "Any",
      "PrioritizedBodySlideDescriptors": [],
      "WeightRange": {
        "Lower": 0,
        "Upper": 100
      },
      "Subgroups": [],
      "TopLevelSubgroupID": ""
    }
  ],
  "DefaultRecordTemplate": "000801:Record Templates - 3BA - pamonha.esp",
  "AdditionalRecordTemplateAssignments": [
    {
      "Races": [
        "013745:Skyrim.esm",
        "088845:Skyrim.esm"
      ],
      "TemplateNPC": "000803:Record Templates - 3BA - pamonha.esp",
      "AdditionalRacesPaths": [
        "WornArmor.Armature[BodyTemplate.FirstPersonFlags.Invoke:HasFlag(BipedObjectFlag.Body) && MatchRace(Race, AdditionalRaces, MatchDefault)].AdditionalRaces",
        "WornArmor.Armature[BodyTemplate.FirstPersonFlags.Invoke:HasFlag(BipedObjectFlag.Hands) && MatchRace(Race, AdditionalRaces, MatchDefault)].AdditionalRaces",
        "WornArmor.Armature[BodyTemplate.FirstPersonFlags.Invoke:HasFlag(BipedObjectFlag.Feet) && MatchRace(Race, AdditionalRaces, MatchDefault)].AdditionalRaces",
        "WornArmor.Armature[BodyTemplate.FirstPersonFlags.Invoke:HasFlag(BipedObjectFlag.Tail) && MatchRace(Race, AdditionalRaces, MatchDefault)].AdditionalRaces"
      ]
    },
    {
      "Races": [
        "013740:Skyrim.esm",
        "08883A:Skyrim.esm"
      ],
      "TemplateNPC": "000805:Record Templates - 3BA - pamonha.esp",
      "AdditionalRacesPaths": [
        "WornArmor.Armature[BodyTemplate.FirstPersonFlags.Invoke:HasFlag(BipedObjectFlag.Body) && MatchRace(Race, AdditionalRaces, MatchDefault)].AdditionalRaces",
        "WornArmor.Armature[BodyTemplate.FirstPersonFlags.Invoke:HasFlag(BipedObjectFlag.Hands) && MatchRace(Race, AdditionalRaces, MatchDefault)].AdditionalRaces",
        "WornArmor.Armature[BodyTemplate.FirstPersonFlags.Invoke:HasFlag(BipedObjectFlag.Feet) && MatchRace(Race, AdditionalRaces, MatchDefault)].AdditionalRaces",
        "WornArmor.Armature[BodyTemplate.FirstPersonFlags.Invoke:HasFlag(BipedObjectFlag.Tail) && MatchRace(Race, AdditionalRaces, MatchDefault)].AdditionalRaces"
      ]
    }
  ],
  "AssociatedBodyGenConfigName": "",
  "ReplacerGroups": [],
  "DefaultRecordTemplateAdditionalRacesPaths": [
    "WornArmor.Armature[BodyTemplate.FirstPersonFlags.Invoke:HasFlag(BipedObjectFlag.Body) && MatchRace(Race, AdditionalRaces, MatchDefault)].AdditionalRaces",
    "WornArmor.Armature[BodyTemplate.FirstPersonFlags.Invoke:HasFlag(BipedObjectFlag.Hands) && MatchRace(Race, AdditionalRaces, MatchDefault)].AdditionalRaces",
    "WornArmor.Armature[BodyTemplate.FirstPersonFlags.Invoke:HasFlag(BipedObjectFlag.Feet) && MatchRace(Race, AdditionalRaces, MatchDefault)].AdditionalRaces"
  ],
  "AttributeGroups": [
    {
      "Label": "Cannot Have Definition",
      "Attributes": [
        {
          "SubAttributes": [
            {
              "FormKeys": [
                "06479E:Skyrim.esm",
                "09CC97:Skyrim.esm"
              ],
              "RankMin": -1,
              "RankMax": 100,
              "Type": "Faction",
              "ForceMode": "Restrict",
              "Weighting": 1,
              "Not": false
            }
          ]
        },
        {
          "SubAttributes": [
            {
              "FormKeys": [
                "01325D:Skyrim.esm",
                "01327B:Skyrim.esm",
                "013270:Skyrim.esm",
                "013258:Skyrim.esm",
                "01325B:Skyrim.esm",
                "01325A:Skyrim.esm",
                "013256:Skyrim.esm",
                "01326B:Skyrim.esm",
                "013276:Skyrim.esm"
              ],
              "Type": "Class",
              "ForceMode": "Restrict",
              "Weighting": 1,
              "Not": false
            }
          ]
        }
      ]
    },
    {
      "Label": "Must be Fit",
      "Attributes": [
        {
          "SubAttributes": [
            {
              "FormKeys": [
                "01317F:Skyrim.esm",
                "013182:Skyrim.esm",
                "01317B:Skyrim.esm",
                "01317C:Skyrim.esm",
                "013180:Skyrim.esm",
                "01317D:Skyrim.esm",
                "013177:Skyrim.esm",
                "01317E:Skyrim.esm",
                "013176:Skyrim.esm",
                "01CE15:Skyrim.esm",
                "06766B:Skyrim.esm",
                "06766C:Skyrim.esm",
                "06766D:Skyrim.esm",
                "10B1D8:Skyrim.esm",
                "07289D:Skyrim.esm",
                "072891:Skyrim.esm",
                "072887:Skyrim.esm",
                "01326D:Skyrim.esm",
                "01327F:Skyrim.esm",
                "013280:Skyrim.esm",
                "0B8340:Skyrim.esm",
                "0E3A6B:Skyrim.esm",
                "10FC39:Skyrim.esm",
                "042DC2:Skyrim.esm",
                "0E3A5E:Skyrim.esm",
                "0C6FB6:Skyrim.esm",
                "0AEDD2:Skyrim.esm",
                "0E3A6D:Skyrim.esm",
                "0E3A6C:Skyrim.esm",
                "013259:Skyrim.esm"
              ],
              "Type": "Class",
              "ForceMode": "Restrict",
              "Weighting": 1,
              "Not": false
            }
          ]
        }
      ]
    },
    {
      "Label": "Must be Athletic",
      "Attributes": [
        {
          "SubAttributes": [
            {
              "FormKeys": [
                "01317F:Skyrim.esm",
                "0FB0DA:Skyrim.esm",
                "013181:Skyrim.esm",
                "013180:Skyrim.esm",
                "07289D:Skyrim.esm",
                "02A477:Skyrim.esm",
                "10E714:Skyrim.esm",
                "01326E:Skyrim.esm",
                "01326D:Skyrim.esm",
                "01327F:Skyrim.esm",
                "013280:Skyrim.esm",
                "042DC7:Skyrim.esm",
                "0E3A60:Skyrim.esm",
                "0E3A61:Skyrim.esm",
                "0E3A65:Skyrim.esm",
                "0E3A66:Skyrim.esm",
                "042DC3:Skyrim.esm",
                "0E3A62:Skyrim.esm",
                "0E3A5F:Skyrim.esm",
                "0E3A63:Skyrim.esm",
                "042DC5:Skyrim.esm",
                "10BFEF:Skyrim.esm",
                "10BFF0:Skyrim.esm"
              ],
              "Type": "Class",
              "ForceMode": "Restrict",
              "Weighting": 1,
              "Not": false
            }
          ]
        },
        {
          "SubAttributes": [
            {
              "FormKeys": [
                "02584B:Skyrim.esm",
                "0FF234:Skyrim.esm",
                "010EC1:Dawnguard.esm",
                "003375:Dawnguard.esm",
                "05091F:Skyrim.esm"
              ],
              "RankMin": -1,
              "RankMax": 100,
              "Type": "Faction",
              "ForceMode": "Restrict",
              "Weighting": 1,
              "Not": false
            }
          ]
        }
      ]
    },
    {
      "Label": "Must be Muscular",
      "Attributes": [
        {
          "SubAttributes": [
            {
              "FormKeys": [
                "021A74:Skyrim.esm",
                "07D98D:Skyrim.esm",
                "02A477:Skyrim.esm",
                "10E714:Skyrim.esm",
                "01326E:Skyrim.esm",
                "0B5FB4:Skyrim.esm",
                "0E7F45:Skyrim.esm",
                "0E3A68:Skyrim.esm",
                "0B5FB5:Skyrim.esm",
                "042DC1:Skyrim.esm",
                "042DC4:Skyrim.esm",
                "013257:Skyrim.esm",
                "10BFEF:Skyrim.esm",
                "10BFF0:Skyrim.esm"
              ],
              "Type": "Class",
              "ForceMode": "Restrict",
              "Weighting": 1,
              "Not": false
            }
          ]
        },
        {
          "SubAttributes": [
            {
              "FormKeys": [
                "01A696:Skyrim.esm",
                "01A692:Skyrim.esm",
                "0B9981:Skyrim.esm",
                "019959:Skyrim.esm",
                "01338A:Skyrim.esm",
                "01414D:Skyrim.esm",
                "014128:Skyrim.esm",
                "01336B:Skyrim.esm",
                "0918E2:Skyrim.esm",
                "044236:Skyrim.esm",
                "00336A:Dawnguard.esm",
                "0285C3:Dragonborn.esm",
                "017934:Dragonborn.esm",
                "017F7D:Dragonborn.esm"
              ],
              "Type": "NPC",
              "ForceMode": "Restrict",
              "Weighting": 10,
              "Not": false
            }
          ]
        },
        {
          "SubAttributes": [
            {
              "FormKeys": [
                "02584B:Skyrim.esm",
                "05091F:Skyrim.esm"
              ],
              "RankMin": -1,
              "RankMax": 100,
              "Type": "Faction",
              "ForceMode": "Restrict",
              "Weighting": 1,
              "Not": false
            }
          ]
        }
      ]
    },
    {
      "Label": "Cannot Have Scars",
      "Attributes": [
        {
          "SubAttributes": [
            {
              "FormKeys": [
                "01325D:Skyrim.esm",
                "013270:Skyrim.esm",
                "013258:Skyrim.esm",
                "01325B:Skyrim.esm",
                "01325A:Skyrim.esm",
                "013256:Skyrim.esm",
                "01326B:Skyrim.esm"
              ],
              "Type": "Class",
              "ForceMode": "Restrict",
              "Weighting": 1,
              "Not": false
            }
          ]
        },
        {
          "SubAttributes": [
            {
              "FormKeys": [
                "06479E:Skyrim.esm",
                "102D60:Skyrim.esm",
                "050922:Skyrim.esm"
              ],
              "RankMin": -1,
              "RankMax": 100,
              "Type": "Faction",
              "ForceMode": "Restrict",
              "Weighting": 1,
              "Not": false
            }
          ]
        }
      ]
    },
    {
      "Label": "Can Be Dirty",
      "Attributes": [
        {
          "SubAttributes": [
            {
              "FormKeys": [
                "01CE17:Skyrim.esm",
                "015BE7:Skyrim.esm",
                "039D30:Skyrim.esm"
              ],
              "Type": "Class",
              "ForceMode": "Restrict",
              "Weighting": 1,
              "Not": false
            }
          ]
        }
      ]
    },
    {
      "Label": "Must Be Dirty",
      "Attributes": [
        {
          "SubAttributes": [
            {
              "FormKeys": [
                "01327B:Skyrim.esm",
                "01326D:Skyrim.esm"
              ],
              "Type": "Class",
              "ForceMode": "Restrict",
              "Weighting": 1,
              "Not": false
            }
          ]
        }
      ]
    },
    {
      "Label": "Can Get Chubby Morph",
      "Attributes": [
        {
          "SubAttributes": [
            {
              "FormKeys": [
                "015BE7:Skyrim.esm",
                "039D30:Skyrim.esm",
                "013270:Skyrim.esm",
                "013258:Skyrim.esm",
                "01325B:Skyrim.esm",
                "01325A:Skyrim.esm",
                "013256:Skyrim.esm",
                "0253F2:Skyrim.esm"
              ],
              "Type": "Class",
              "ForceMode": "Restrict",
              "Weighting": 1,
              "Not": false
            }
          ]
        },
        {
          "SubAttributes": [
            {
              "FormKeys": [
                "01326B:Skyrim.esm"
              ],
              "Type": "Class",
              "ForceMode": "Restrict",
              "Weighting": 1,
              "Not": false
            },
            {
              "Unique": "IsNot",
              "Essential": "Ignore",
              "Protected": "Ignore",
              "Summonable": "Ignore",
              "Ghost": "Ignore",
              "Invulnerable": "Ignore",
              "EvalMood": false,
              "Mood": "Neutral",
              "EvalAggression": false,
              "Aggression": "Unaggressive",
              "EvalGender": false,
              "NPCGender": "Female",
              "Type": "Misc",
              "ForceMode": "Restrict",
              "Weighting": 1,
              "Not": false
            }
          ]
        },
        {
          "SubAttributes": [
            {
              "FormKeys": [
                "06479E:Skyrim.esm"
              ],
              "RankMin": -1,
              "RankMax": 100,
              "Type": "Faction",
              "ForceMode": "Restrict",
              "Weighting": 1,
              "Not": false
            }
          ]
        }
      ]
    },
    {
      "Label": "Must Get Young Face",
      "Attributes": [
        {
          "SubAttributes": [
            {
              "FormKeys": [
                "013AD1:Skyrim.esm",
                "013ADC:Skyrim.esm"
              ],
              "Type": "VoiceType",
              "ForceMode": "Restrict",
              "Weighting": 1,
              "Not": false
            }
          ]
        },
        {
          "SubAttributes": [
            {
              "FormKeys": [
                "052FE7:3DNPC.esp"
              ],
              "Type": "NPC",
              "ForceMode": "Restrict",
              "Weighting": 1,
              "Not": false
            }
          ]
        },
        {
          "SubAttributes": [
            {
              "FormKeys": [
                "01325D:Skyrim.esm"
              ],
              "Type": "Class",
              "ForceMode": "Restrict",
              "Weighting": 1,
              "Not": false
            },
            {
              "FormKeys": [
                "083D99:Skyrim.esm"
              ],
              "Type": "NPC",
              "ForceMode": "Restrict",
              "Weighting": 1,
              "Not": true
            }
          ]
        },
        {
          "SubAttributes": [
            {
              "FormKeys": [
                "053514:Skyrim.esm",
                "0CF8F9:Skyrim.esm",
                "0DEE93:Skyrim.esm"
              ],
              "RankMin": -1,
              "RankMax": 100,
              "Type": "Faction",
              "ForceMode": "Restrict",
              "Weighting": 1,
              "Not": false
            },
            {
              "FormKeys": [
                "083D99:Skyrim.esm"
              ],
              "Type": "NPC",
              "ForceMode": "Restrict",
              "Weighting": 1,
              "Not": true
            }
          ]
        }
      ]
    },
    {
      "Label": "Can Get Mildy Older Face",
      "Attributes": [
        {
          "SubAttributes": [
            {
              "FormKeys": [
                "05091B:Skyrim.esm"
              ],
              "RankMin": -1,
              "RankMax": 100,
              "Type": "Faction",
              "ForceMode": "Restrict",
              "Weighting": 1,
              "Not": false
            },
            {
              "FormKeys": [
                "0DEE93:Skyrim.esm"
              ],
              "RankMin": -1,
              "RankMax": 100,
              "Type": "Faction",
              "ForceMode": "Restrict",
              "Weighting": 1,
              "Not": true
            }
          ]
        },
        {
          "SubAttributes": [
            {
              "FormKeys": [
                "013AE3:Skyrim.esm",
                "013AD8:Skyrim.esm",
                "0E5003:Skyrim.esm",
                "013AD4:Skyrim.esm",
                "09844F:Skyrim.esm",
                "01B55F:Skyrim.esm",
                "013ADA:Skyrim.esm",
                "01B560:Skyrim.esm"
              ],
              "Type": "VoiceType",
              "ForceMode": "Restrict",
              "Weighting": 1,
              "Not": false
            }
          ]
        },
        {
          "SubAttributes": [
            {
              "Unique": "IsNot",
              "Essential": "Ignore",
              "Protected": "Ignore",
              "Summonable": "Ignore",
              "Ghost": "Ignore",
              "Invulnerable": "Ignore",
              "EvalMood": false,
              "Mood": "Neutral",
              "EvalAggression": false,
              "Aggression": "Unaggressive",
              "EvalGender": false,
              "NPCGender": "Female",
              "Type": "Misc",
              "ForceMode": "Restrict",
              "Weighting": 1,
              "Not": false
            }
          ]
        }
      ]
    },
    {
      "Label": "Can Get Haggard Face",
      "Attributes": [
        {
          "SubAttributes": [
            {
              "FormKeys": [
                "01327B:Skyrim.esm",
                "01CE17:Skyrim.esm",
                "015BE7:Skyrim.esm",
                "039D30:Skyrim.esm",
                "01326D:Skyrim.esm"
              ],
              "Type": "Class",
              "ForceMode": "Restrict",
              "Weighting": 1,
              "Not": false
            }
          ]
        },
        {
          "SubAttributes": [
            {
              "FormKeys": [
                "013AD4:Skyrim.esm",
                "013AE3:Skyrim.esm",
                "013AD8:Skyrim.esm"
              ],
              "Type": "VoiceType",
              "ForceMode": "Restrict",
              "Weighting": 1,
              "Not": false
            }
          ]
        }
      ]
    },
    {
      "Label": "Must Get Age40 Face",
      "Attributes": [
        {
          "SubAttributes": [
            {
              "FormKeys": [
                "0F2058:Skyrim.esm",
                "0F205C:Skyrim.esm",
                "0F2060:Skyrim.esm",
                "0F2064:Skyrim.esm",
                "0EAFA3:Skyrim.esm",
                "0F2068:Skyrim.esm",
                "0F206C:Skyrim.esm",
                "0F2070:Skyrim.esm",
                "0D0721:Skyrim.esm",
                "0F204F:Skyrim.esm",
                "0F204B:Skyrim.esm",
                "0D0725:Skyrim.esm",
                "0D071D:Skyrim.esm",
                "0D072E:Skyrim.esm",
                "0D0729:Skyrim.esm",
                "0F2054:Skyrim.esm"
              ],
              "Type": "FaceTexture",
              "ForceMode": "Restrict",
              "Weighting": 1,
              "Not": false
            }
          ]
        }
      ]
    },
    {
      "Label": "Must Get Age40 Rough Face",
      "Attributes": [
        {
          "SubAttributes": [
            {
              "FormKeys": [
                "0D0722:Skyrim.esm",
                "0F204E:Skyrim.esm",
                "0F2049:Skyrim.esm",
                "0D0726:Skyrim.esm",
                "0D071E:Skyrim.esm",
                "0D072F:Skyrim.esm",
                "0D072A:Skyrim.esm",
                "0F2053:Skyrim.esm"
              ],
              "Type": "FaceTexture",
              "ForceMode": "Restrict",
              "Weighting": 1,
              "Not": false
            }
          ]
        }
      ]
    },
    {
      "Label": "Must Get Age50 Face",
      "Attributes": [
        {
          "SubAttributes": [
            {
              "FormKeys": [
                "0F2059:Skyrim.esm",
                "0F205D:Skyrim.esm",
                "0F2061:Skyrim.esm",
                "0F2065:Skyrim.esm",
                "0645DB:Skyrim.esm",
                "0F2069:Skyrim.esm",
                "0F206D:Skyrim.esm",
                "0F2071:Skyrim.esm",
                "0D0731:Skyrim.esm",
                "0F2050:Skyrim.esm",
                "0F204A:Skyrim.esm",
                "09F0CD:Skyrim.esm",
                "07325B:Skyrim.esm",
                "0D0730:Skyrim.esm",
                "0D072B:Skyrim.esm",
                "0F2055:Skyrim.esm"
              ],
              "Type": "FaceTexture",
              "ForceMode": "Restrict",
              "Weighting": 1,
              "Not": false
            }
          ]
        }
      ]
    },
    {
      "Label": "Must Get Face Freckles",
      "Attributes": [
        {
          "SubAttributes": [
            {
              "FormKeys": [
                "0F205A:Skyrim.esm",
                "0F205E:Skyrim.esm",
                "0F2062:Skyrim.esm",
                "0F2066:Skyrim.esm",
                "0EAFA5:Skyrim.esm",
                "0F206A:Skyrim.esm",
                "0F206E:Skyrim.esm",
                "0F2072:Skyrim.esm"
              ],
              "Type": "FaceTexture",
              "ForceMode": "Restrict",
              "Weighting": 1,
              "Not": false
            }
          ]
        }
      ]
    },
    {
      "Label": "Must Get Rough01 Face",
      "Attributes": [
        {
          "SubAttributes": [
            {
              "FormKeys": [
                "0F2057:Skyrim.esm",
                "0F205B:Skyrim.esm",
                "0F205F:Skyrim.esm",
                "0F2063:Skyrim.esm",
                "0EAFA4:Skyrim.esm",
                "0F2067:Skyrim.esm",
                "0F206B:Skyrim.esm",
                "0F206F:Skyrim.esm",
                "0D071F:Skyrim.esm",
                "0F204C:Skyrim.esm",
                "0F2047:Skyrim.esm",
                "0D0723:Skyrim.esm",
                "073259:Skyrim.esm",
                "0D072C:Skyrim.esm",
                "0D0727:Skyrim.esm",
                "0F2051:Skyrim.esm"
              ],
              "Type": "FaceTexture",
              "ForceMode": "Restrict",
              "Weighting": 1,
              "Not": false
            }
          ]
        }
      ]
    },
    {
      "Label": "Must Get Rough02 Face",
      "Attributes": [
        {
          "SubAttributes": [
            {
              "FormKeys": [
                "0D0720:Skyrim.esm",
                "0F204D:Skyrim.esm",
                "0F2048:Skyrim.esm",
                "0D0724:Skyrim.esm",
                "07325A:Skyrim.esm",
                "0D072D:Skyrim.esm",
                "0D0728:Skyrim.esm",
                "0F2052:Skyrim.esm"
              ],
              "Type": "FaceTexture",
              "ForceMode": "Restrict",
              "Weighting": 1,
              "Not": false
            }
          ]
        }
      ]
    },
    {
      "Label": "Has CotR Head",
      "Attributes": [
        {
          "SubAttributes": [
            {
              "ModKeys": [
                "Refined Volkihars.esp",
                "Refined Auri.esp",
                "BjornRefined.esp",
                "KaidanRefined.esp",
                "GorrRefined.esp",
                "SofiaRefined.esp",
                "GeneralTulliusRefined.esp",
                "MarcurioRefined.esp",
                "MarcusTheKnightRefined.esp",
                "Vigilant NPCs Refined.esp",
                "Glenmoril NPCs Refined.esp",
                "KW_UnslaadNPCsRefined.esp",
                "MOSRefined.esp",
                "TSOSRefined.esp",
                "TSOSRefinedDawnguard.esp",
                "TSOSRefinedDragonborn.esp",
                "TSOSRefinedHearthfire.esp",
                "TSOSRefinedStenvar.esp",
                "TSOSMFMiraak.esp",
                "0TSOSRefinedDwarfofSkyrim.esp",
                "TSOS_Apachii_Store_Patch.esp",
                "TSOS_Aesir_Weaponry_Patch.esp",
                "TDOSRefined.esp",
                "Karura's Companions Refined.esp",
                "Karura's Dark Brotherhood Refined.esp",
                "Karura's Cicero Refined.esp",
                "Karura's Brynjolf Refined.esp",
                "Karura's Thieves Guild Refined.esp",
                "Karura's Daedric Princes Refined.esp",
                "Karura's Ordinary People Refined.esp",
                "Karura's Ordinary People Refined BUVARP Patch.esp",
                "Mythos Followers Refined.esp",
                "TaliesinReplacer.esp",
                "LucienReplacer.esp",
                "0SeranaReplacer.esp",
                "0LordHarkonandValericaReplacer.esp",
                "0BrynjolfReplacer.esp",
                "0KaidanReplacer.esp",
                "0AuriReplacer.esp.esp"
              ],
              "ModActionType": "PatchedBy",
              "Type": "Mod",
              "ForceMode": "Restrict",
              "Weighting": 1,
              "Not": false
            }
          ]
        }
      ]
    }
  ],
  "RaceGroupings": [
    {
      "Label": "Humanoid",
      "Races": [
        "013746:Skyrim.esm",
        "013741:Skyrim.esm",
        "013742:Skyrim.esm",
        "013743:Skyrim.esm",
        "013744:Skyrim.esm",
        "013747:Skyrim.esm",
        "013748:Skyrim.esm",
        "013749:Skyrim.esm",
        "067CD8:Skyrim.esm",
        "088794:Skyrim.esm",
        "08883C:Skyrim.esm",
        "08883D:Skyrim.esm",
        "088840:Skyrim.esm",
        "088844:Skyrim.esm",
        "0A82B9:Skyrim.esm",
        "088846:Skyrim.esm",
        "088884:Skyrim.esm",
        "0A82BA:Skyrim.esm",
        "07EAF3:Skyrim.esm",
        "097A3D:Skyrim.esm",
        "00377D:Dawnguard.esm",
        "00E88A:Dawnguard.esm"
      ]
    },
    {
      "Label": "Humanoid Playable",
      "Races": [
        "013746:Skyrim.esm",
        "013741:Skyrim.esm",
        "013742:Skyrim.esm",
        "013743:Skyrim.esm",
        "013744:Skyrim.esm",
        "013747:Skyrim.esm",
        "013748:Skyrim.esm",
        "013749:Skyrim.esm",
        "088794:Skyrim.esm",
        "08883C:Skyrim.esm",
        "08883D:Skyrim.esm",
        "088840:Skyrim.esm",
        "088844:Skyrim.esm",
        "0A82B9:Skyrim.esm",
        "088846:Skyrim.esm",
        "088884:Skyrim.esm"
      ]
    },
    {
      "Label": "Humanoid Non-Vampire",
      "Races": [
        "013746:Skyrim.esm",
        "013741:Skyrim.esm",
        "013742:Skyrim.esm",
        "013743:Skyrim.esm",
        "013744:Skyrim.esm",
        "013747:Skyrim.esm",
        "013748:Skyrim.esm",
        "013749:Skyrim.esm",
        "067CD8:Skyrim.esm",
        "07EAF3:Skyrim.esm",
        "097A3D:Skyrim.esm",
        "00377D:Dawnguard.esm",
        "00E88A:Dawnguard.esm"
      ]
    },
    {
      "Label": "Humanoid Vampire",
      "Races": [
        "088794:Skyrim.esm",
        "08883C:Skyrim.esm",
        "08883D:Skyrim.esm",
        "088840:Skyrim.esm",
        "088844:Skyrim.esm",
        "0A82B9:Skyrim.esm",
        "088846:Skyrim.esm",
        "088884:Skyrim.esm",
        "0A82BA:Skyrim.esm"
      ]
    },
    {
      "Label": "Humanoid Young",
      "Races": [
        "013746:Skyrim.esm",
        "013741:Skyrim.esm",
        "013742:Skyrim.esm",
        "013743:Skyrim.esm",
        "013744:Skyrim.esm",
        "013747:Skyrim.esm",
        "013748:Skyrim.esm",
        "013749:Skyrim.esm",
        "088794:Skyrim.esm",
        "08883C:Skyrim.esm",
        "08883D:Skyrim.esm",
        "088840:Skyrim.esm",
        "088844:Skyrim.esm",
        "0A82B9:Skyrim.esm",
        "088846:Skyrim.esm",
        "088884:Skyrim.esm",
        "07EAF3:Skyrim.esm",
        "097A3D:Skyrim.esm",
        "00377D:Dawnguard.esm",
        "00E88A:Dawnguard.esm"
      ]
    },
    {
      "Label": "Humanoid Young Non-Vampire",
      "Races": [
        "013746:Skyrim.esm",
        "013741:Skyrim.esm",
        "013742:Skyrim.esm",
        "013743:Skyrim.esm",
        "013744:Skyrim.esm",
        "013747:Skyrim.esm",
        "013748:Skyrim.esm",
        "013749:Skyrim.esm",
        "07EAF3:Skyrim.esm",
        "097A3D:Skyrim.esm",
        "00377D:Dawnguard.esm",
        "00E88A:Dawnguard.esm"
      ]
    },
    {
      "Label": "Humanoid Young Vampire",
      "Races": [
        "088794:Skyrim.esm",
        "08883C:Skyrim.esm",
        "08883D:Skyrim.esm",
        "088840:Skyrim.esm",
        "088844:Skyrim.esm",
        "0A82B9:Skyrim.esm",
        "088846:Skyrim.esm",
        "088884:Skyrim.esm"
      ]
    },
    {
      "Label": "Elven",
      "Races": [
        "013742:Skyrim.esm",
        "013743:Skyrim.esm",
        "013749:Skyrim.esm",
        "08883D:Skyrim.esm",
        "088840:Skyrim.esm",
        "088884:Skyrim.esm",
        "00377D:Dawnguard.esm"
      ]
    },
    {
      "Label": "Elven Non-Vampire",
      "Races": [
        "013742:Skyrim.esm",
        "013743:Skyrim.esm",
        "013749:Skyrim.esm",
        "00377D:Dawnguard.esm"
      ]
    },
    {
      "Label": "Elven Vampire",
      "Races": [
        "08883D:Skyrim.esm",
        "088840:Skyrim.esm",
        "088884:Skyrim.esm"
      ]
    },
    {
      "Label": "Breton",
      "Races": [
        "013741:Skyrim.esm",
        "08883C:Skyrim.esm"
      ]
    },
    {
      "Label": "Dark Elf",
      "Races": [
        "013742:Skyrim.esm",
        "08883D:Skyrim.esm"
      ]
    },
    {
      "Label": "High Elf",
      "Races": [
        "013743:Skyrim.esm",
        "088840:Skyrim.esm"
      ]
    },
    {
      "Label": "Imperial",
      "Races": [
        "013744:Skyrim.esm",
        "088844:Skyrim.esm"
      ]
    },
    {
      "Label": "Nord",
      "Races": [
        "013746:Skyrim.esm",
        "088794:Skyrim.esm",
        "00E88A:Dawnguard.esm"
      ]
    },
    {
      "Label": "Orc",
      "Races": [
        "013747:Skyrim.esm",
        "0A82B9:Skyrim.esm"
      ]
    },
    {
      "Label": "Redguard",
      "Races": [
        "013748:Skyrim.esm",
        "088846:Skyrim.esm"
      ]
    },
    {
      "Label": "Wood Elf",
      "Races": [
        "013749:Skyrim.esm",
        "088884:Skyrim.esm"
      ]
    },
    {
      "Label": "Elder",
      "Races": [
        "067CD8:Skyrim.esm",
        "0A82BA:Skyrim.esm"
      ]
    },
    {
      "Label": "Khajiit",
      "Races": [
        "013745:Skyrim.esm",
        "088845:Skyrim.esm"
      ]
    },
    {
      "Label": "Argonian",
      "Races": [
        "013740:Skyrim.esm",
        "08883A:Skyrim.esm"
      ]
    },
    {
      "Label": "Humanoid Playable Non-Vampire",
      "Races": [
        "013746:Skyrim.esm",
        "013741:Skyrim.esm",
        "013742:Skyrim.esm",
        "013743:Skyrim.esm",
        "013744:Skyrim.esm",
        "013747:Skyrim.esm",
        "013748:Skyrim.esm",
        "013749:Skyrim.esm"
      ]
    }
  ],
  "DistributionRules": {
    "AllowedRaces": [],
    "AllowedRaceGroupings": [],
    "DisallowedRaces": [],
    "DisallowedRaceGroupings": [],
    "AllowedAttributes": [],
    "DisallowedAttributes": [],
    "DistributionEnabled": true,
    "AllowUnique": true,
    "AllowNonUnique": true,
    "AddKeywords": [],
    "ProbabilityWeighting": 1.0,
    "AllowedBodyGenDescriptors": [],
    "AllowedBodyGenMatchMode": "All",
    "DisallowedBodyGenDescriptors": [],
    "DisallowedBodyGenMatchMode": "Any",
    "AllowedBodySlideDescriptors": [],
    "AllowedBodySlideMatchMode": "All",
    "DisallowedBodySlideDescriptors": [],
    "DisallowedBodySlideMatchMode": "Any",
    "PrioritizedBodySlideDescriptors": [],
    "WeightRange": {
      "Lower": 0,
      "Upper": 100
    }
  },
  "AssociatedBsaModKeys": [],
  "InstallationToken": "SynthEBD - Fried's Female Skin Textures 4K CBBE|2024-11-10_13:02:43:015"
}